"<p class=""alingcentre"">Tarifs 2020</p>","<p class=""alingcentre "">moins de 25 ans</p>","<p class=""alingcentre"">25 ans et plus</p>"
"<p class=""alingcentre"">Frais ""une fois pour toutes""</p>",#colspan#,#colspan#
"<p class=""alingcentre"">Droit d'entrée club </p>","<p class=""alingcentre""> 20 €</p>","<p class=""alingcentre"">40 €</p>"
"<p class=""alingcentre"">Carnet de vol</p>","<p class=""alingcentre"">15 €</p>",#colspan#
"<p class=""alingcentre"">Cours théoriques</p>","<p class=""alingcentre"">suspendus</p>",#colspan#
"<p class=""alingcentre"">Manuel du pilote(1)</p>","<p class=""alingcentre"">environ 75 €</p>",#colspan#
"<p class=""alingcentre"">Cotisations annuelles</p>",#colspan#,#colspan#
"<p class=""alingcentre"">Adhésion annuelle club</p>","<p class=""alingcentre"">70 €</p>","<p class=""alingcentre"">140 €</p>"
"<p class=""alingcentre"">Prévoyance casse avion club</p>","<p class=""alingcentre"">20 €</p>","<p class=""alingcentre"">40 €</p>"
"<p class=""alingcentre"">Licence FFA et Info-pilote(IP)</p>","<p class=""alingcentre"">77 € IP / 120 € avec IP</p>",#colspan#
