"<p class=""alingcentre"">ECOLE</p>","<p class=""alingcentre F-HRME"">F-HRME<br><br><br><br><br></p>","<p class=""alingcentre F-HDLG"">F-HDLG<br><br><br><br><br></p>","<p class=""alingcentre F-GEIR"">F-GEIR<br><br><br><br><br></p>","<p class=""alingcentre  
 F-GYAV"" >F-GYAV<br><br><br><br>
</p>"
"<p class=""alingcentre"">Type</p>","<p class=""alingcentre"">SportStar</p>","<p class=""alingcentre"">SportStar</p>","<p class=""alingcentre"">DR 400</p>","<p class=""alingcentre"">DR 400</p>"
"<p class=""alingcentre"">Puissance</p>","<p class=""alingcentre"">100</p>","<p class=""alingcentre"">100</p>","<p class=""alingcentre"">120</p>","<p class=""alingcentre"">120</p>"
"<p class=""alingcentre"">Nombre de place </p>","<p class=""alingcentre"">2</p>","<p class=""alingcentre"">2</p>","<p class=""alingcentre"">3</p>","<p class=""alingcentre"">3</p>"
"<p class=""alingcentre"">Année</p>","<p class=""alingcentre"">2018</p>","<p class=""alingcentre"">2019</p>","<p class=""alingcentre"">1985</p>","<p class=""alingcentre"">2003</p>"
"<p class=""alingcentre"">Prix heure de vol/Solo</p>","<p class=""alingcentre"">116 €</p>","<p class=""alingcentre"">116 €</p>","<p class=""alingcentre"">135 €</p>","<p class=""alingcentre"">135 €</p>"
"<p class=""alingcentre"">Prix heure de vol/DC","<p class=""alingcentre"">136 €</p>","<p class=""alingcentre"">136 €</p>","<p class=""alingcentre"">153 €</p>","<p class=""alingcentre"">153 €</p>"
