"<p class=""alingcentre"" id=""jaunesouligne"">VOYAGE</p>","<p class=""alingcentre F-GBEQ"">F-GBEQ<br><br><br><br><br></p>","<p class=""alingcentre F-GMXA"">F-GMXA
<br><br><br><br></p>","<p class=""alingcentre F-GXJA"" "">F-GXJA
<br><br><br><br></p>"
"<p class=""alingcentre fondbleu"">Type</p>","<p class=""alingcentre fondgris"">PA 28-161</p>","<p class=""alingcentre fondgris"">DR 400-140B</p>","<p class=""alingcentre fondgris"">DR 400-160</p>"
"<p class=""alingcentre fondbleu"">Puissance</p>","<p class=""alingcentre fondgris"">160</p>","<p class=""alingcentre fondgris"">160</p>","<p class=""alingcentre fondgris"">160</p>"
"<p class=""alingcentre fondbleu"" >Nombre de place</p>","<p class=""alingcentre fondgris"">4</p>","<p class=""alingcentre fondgris"">4</p>","<p class=""alingcentre fondgris"">4</p>"
"<p class=""alingcentre fondbleu"">Année</p>","<p class=""alingcentre fondgris"">1984</p>","<p class=""alingcentre fondgris"">1993</p>","<p class=""alingcentre fondgris"">2000</p>"
"<p class=""alingcentre fondbleu"">Prix heure de vol/Solo</p>","<p class=""alingcentre fondgris"">160 €</p>","<p class=""alingcentre fondgris"">160 €</p>","<p class=""alingcentre fondgris"">160 €</p>"
"<p class=""alingcentre fondbleu"">prix heure de vol</p>","<p class=""alingcentre fondgris"">180 €</p>","<p class=""alingcentre fondgris"">180 €</p>","<p class=""alingcentre fondgris"">180 €</p>"
